"engagement_level","learners","completion_rate"
"High engagement",3518,0.472427515633883
"Low engagement",3923,0.0101962783583992
"Medium engagement",2023,0.0667325753830944
"No engagement",14177,0.00613670028920082
