"run","learners","completed_learners","completion_rate"
"1",14394,1803,0.125260525218841
"3",3361,56,0.0166617078250521
"5",3544,22,0.00620767494356659
"7",2342,43,0.0183603757472246
